[
  {
    "value": "Action",
    "synonyms": [
      "Action",
      "Fighting"
    ]
  },
  {
    "value": "Adventure",
    "synonyms": [
      "Adventure"
    ]
  },
  {
    "value": "Animation",
    "synonyms": [
      "Animation",
      "PG Rated",
      "Kids",
      "Family Friendly",
      "Cartoons",
      "Animated"
    ]
  },
  {
    "value": "Comedy",
    "synonyms": [
      "Comedy",
      "Hilarious",
      "Funny",
      "Feel Good"
    ]
  },
  {
    "value": "Crime",
    "synonyms": [
      "Crime",
      "Criminals"
    ]
  },
  {
    "value": "Documentary",
    "synonyms": [
      "Documentary",
      "Informative"
    ]
  },
  {
    "value": "Drama",
    "synonyms": [
      "Drama"
    ]
  },
  {
    "value": "Horror",
    "synonyms": [
      "Horror",
      "Scary"
    ]
  },
  {
    "value": "Romance",
    "synonyms": [
      "Romance",
      "Romantic Comedy",
      "Feel Good",
      "Love",
      "Romantic"
    ]
  },
  {
    "value": "Science Fiction",
    "synonyms": [
      "Science Fiction",
      "SciFi",
      "Sci-Fi"
    ]
  },
  {
    "value": "Thriller",
    "synonyms": [
      "Thriller",
      "Serious",
      "Mystery",
      "Suspense"
    ]
  }
]