[
  {
    "value": "Aamir Khan",
    "synonyms": [
      "Aamir Khan"
    ]
  },
  {
    "value": "Aaron Eckhart",
    "synonyms": [
      "Aaron Eckhart"
    ]
  },
  {
    "value": "Aaron Paul",
    "synonyms": [
      "Aaron Paul"
    ]
  },
  {
    "value": "Abigail Spencer",
    "synonyms": [
      "Abigail Spencer"
    ]
  },
  {
    "value": "Adam Devine",
    "synonyms": [
      "Adam Devine"
    ]
  },
  {
    "value": "Adam Sandler",
    "synonyms": [
      "Adam Sandler"
    ]
  },
  {
    "value": "Adrien Brody",
    "synonyms": [
      "Adrien Brody"
    ]
  },
  {
    "value": "Ajay Devgn",
    "synonyms": [
      "Ajay Devgn"
    ]
  },
  {
    "value": "Akshay Kumar",
    "synonyms": [
      "Akshay Kumar"
    ]
  },
  {
    "value": "Alan Rickman",
    "synonyms": [
      "Alan Rickman"
    ]
  },
  {
    "value": "Alec Baldwin",
    "synonyms": [
      "Alec Baldwin"
    ]
  },
  {
    "value": "Alejandro Gonzales",
    "synonyms": [
      "Alejandro Gonzales"
    ]
  },
  {
    "value": "Alexandra Daddario",
    "synonyms": [
      "Alexandra Daddario"
    ]
  },
  {
    "value": "Alexis Bledel",
    "synonyms": [
      "Alexis Bledel"
    ]
  },
  {
    "value": "Alexis Knapp",
    "synonyms": [
      "Alexis Knapp"
    ]
  },
  {
    "value": "Alfred Hitchcock",
    "synonyms": [
      "Alfred Hitchcock",
      "Hitchcock"
    ]
  },
  {
    "value": "Alia Bhatt",
    "synonyms": [
      "Alia Bhatt"
    ]
  },
  {
    "value": "Alice Eve",
    "synonyms": [
      "Alice Eve"
    ]
  },
  {
    "value": "Alicia Vikander",
    "synonyms": [
      "Alicia Vikander"
    ]
  },
  {
    "value": "Alison Brie",
    "synonyms": [
      "Alison Brie"
    ]
  },
  {
    "value": "Al Pacino",
    "synonyms": [
      "Al Pacino"
    ]
  },
  {
    "value": "Alyson Hannigan",
    "synonyms": [
      "Alyson Hannigan"
    ]
  },
  {
    "value": "Amanda Bynes",
    "synonyms": [
      "Amanda Bynes"
    ]
  },
  {
    "value": "Amanda Peet",
    "synonyms": [
      "Amanda Peet"
    ]
  },
  {
    "value": "Amanda Seyfried",
    "synonyms": [
      "Amanda Seyfried"
    ]
  },
  {
    "value": "Amber Heard",
    "synonyms": [
      "Amber Heard"
    ]
  },
  {
    "value": "Amitabh Bachchan",
    "synonyms": [
      "Amitabh Bachchan",
      "Bachhan"
    ]
  },
  {
    "value": "Amrita Rao",
    "synonyms": [
      "Amrita Rao"
    ]
  },
  {
    "value": "Amy Adams",
    "synonyms": [
      "Amy Adams"
    ]
  },
  {
    "value": "Amy Poehler",
    "synonyms": [
      "Amy Poehler"
    ]
  },
  {
    "value": "Amy Schumer",
    "synonyms": [
      "Amy Schumer"
    ]
  },
  {
    "value": "Analeigh Tipton",
    "synonyms": [
      "Analeigh Tipton"
    ]
  },
  {
    "value": "Andrew Garfield",
    "synonyms": [
      "Andrew Garfield"
    ]
  },
  {
    "value": "Andy Samberg",
    "synonyms": [
      "Andy Samberg"
    ]
  },
  {
    "value": "Angelina Jolie",
    "synonyms": [
      "Angelina Jolie",
      "Jolie"
    ]
  },
  {
    "value": "Ang Lee",
    "synonyms": [
      "Ang Lee"
    ]
  },
  {
    "value": "Anil Kapoor",
    "synonyms": [
      "Anil Kapoor"
    ]
  },
  {
    "value": "Anna Kendrick",
    "synonyms": [
      "Anna Kendrick"
    ]
  },
  {
    "value": "Anne Hathway",
    "synonyms": [
      "Anne"
    ]
  },
  {
    "value": "Anthony Hopkins",
    "synonyms": [
      "Anthony Hopkins"
    ]
  },
  {
    "value": "Anton Yelchin",
    "synonyms": [
      "Anton Yelchin"
    ]
  },
  {
    "value": "Anushka Sharma",
    "synonyms": [
      "Anushka Sharma"
    ]
  },
  {
    "value": "Arjun Kapoor",
    "synonyms": [
      "Arjun Kapoor"
    ]
  },
  {
    "value": "Arnold Schwarzegger",
    "synonyms": [
      "Arnold Schwarzegger",
      "Schwaznegger"
    ]
  },
  {
    "value": "Asa Butterfield",
    "synonyms": [
      "Asa Butterfield"
    ]
  },
  {
    "value": "Ashley Benson",
    "synonyms": [
      "Ashley Benson"
    ]
  },
  {
    "value": "Ashton Kutcher",
    "synonyms": [
      "Ashton Kutcher"
    ]
  },
  {
    "value": "Aubrey Plaza",
    "synonyms": [
      "Aubrey Plaza"
    ]
  },
  {
    "value": "Barbara Streisand",
    "synonyms": [
      "Barbara Streisand"
    ]
  },
  {
    "value": "Ben Affleck",
    "synonyms": [
      "Ben Affleck"
    ]
  },
  {
    "value": "Benedict Cumberbatch",
    "synonyms": [
      "Benedict Cumberbatch"
    ]
  },
  {
    "value": "Ben Kingsley",
    "synonyms": [
      "Ben Kingsley"
    ]
  },
  {
    "value": "Ben Stiller",
    "synonyms": [
      "Ben Stiller"
    ]
  },
  {
    "value": "Bill Hader",
    "synonyms": [
      "Bill Hader"
    ]
  },
  {
    "value": "Bill Nighy",
    "synonyms": [
      "Bill Nighy"
    ]
  },
  {
    "value": "Bill Murray",
    "synonyms": [
      "Bill Murray"
    ]
  },
  {
    "value": "Bipasha Basu",
    "synonyms": [
      "Bipasha Basu"
    ]
  },
  {
    "value": "Blake Lively",
    "synonyms": [
      "Blake Lively"
    ]
  },
  {
    "value": "Bradley Cooper",
    "synonyms": [
      "Bradley Cooper"
    ]
  },
  {
    "value": "Brad Pitt",
    "synonyms": [
      "Brad Pitt"
    ]
  },
  {
    "value": "Brenda Song",
    "synonyms": [
      "Brenda Song"
    ]
  },
  {
    "value": "Brie Larson",
    "synonyms": [
      "Brie Larson"
    ]
  },
  {
    "value": "Brooklyn Decker",
    "synonyms": [
      "Brooklyn Decker"
    ]
  },
  {
    "value": "Bruce Willis",
    "synonyms": [
      "Bruce Willis"
    ]
  },
  {
    "value": "Bryan Cranston",
    "synonyms": [
      "Bryan Cranston",
      "Cranston"
    ]
  },
  {
    "value": "Bryce Dalls Howard",
    "synonyms": [
      "Bryce Dalls Howard"
    ]
  },
  {
    "value": "Cameron Diaz",
    "synonyms": [
      "Cameron Diaz"
    ]
  },
  {
    "value": "Camilla Belle",
    "synonyms": [
      "Camilla Belle"
    ]
  },
  {
    "value": "Cara Delevinge",
    "synonyms": [
      "Cara Delevinge"
    ]
  },
  {
    "value": "Carla Gugino",
    "synonyms": [
      "Carla Gugino"
    ]
  },
  {
    "value": "Cate Blanchett",
    "synonyms": [
      "Cate Blanchett"
    ]
  },
  {
    "value": "Catherine Zeta-Jones",
    "synonyms": [
      "Catherine Zeta-Jones",
      "Catherine Zeta Jones"
    ]
  },
  {
    "value": "Channing Tatum",
    "synonyms": [
      "Channing Tatum"
    ]
  },
  {
    "value": "Charilie Sheen",
    "synonyms": [
      "Charilie Sheen"
    ]
  },
  {
    "value": "Charlize Theron",
    "synonyms": [
      "Charlize Theron"
    ]
  },
  {
    "value": "Chevy Chase",
    "synonyms": [
      "Chevy Chase"
    ]
  },
  {
    "value": "Chiweter Ejiofor",
    "synonyms": [
      "Chiweter Ejiofor"
    ]
  },
  {
    "value": "Chloe Grace Moretz",
    "synonyms": [
      "Chloe Grace Moretz"
    ]
  },
  {
    "value": "Chris Evans",
    "synonyms": [
      "Chris Evans"
    ]
  },
  {
    "value": "Chris Hemsworth",
    "synonyms": [
      "Chris Hemsworth"
    ]
  },
  {
    "value": "Chris Pratt",
    "synonyms": [
      "Chris Pratt"
    ]
  },
  {
    "value": "Chris Rock",
    "synonyms": [
      "Chris Rock"
    ]
  },
  {
    "value": "Christian Bale",
    "synonyms": [
      "Christian Bale"
    ]
  },
  {
    "value": "Christina Applegate",
    "synonyms": [
      "Christina Applegate"
    ]
  },
  {
    "value": "Christopher Nolan",
    "synonyms": [
      "Christopher Nolan",
      "Nolan"
    ]
  },
  {
    "value": "Christoph Waltz",
    "synonyms": [
      "Christoph Waltz",
      "Christoff Waltz"
    ]
  },
  {
    "value": "Cillian Murphy",
    "synonyms": [
      "Cillian Murphy"
    ]
  },
  {
    "value": "Clint Eastwood",
    "synonyms": [
      "Clint Eastwood"
    ]
  },
  {
    "value": "Cobie Smulders",
    "synonyms": [
      "Cobie Smulders"
    ]
  },
  {
    "value": "Colin Ferrel",
    "synonyms": [
      "Colin Ferrel"
    ]
  },
  {
    "value": "Colin Firth",
    "synonyms": [
      "Colin Firth"
    ]
  },
  {
    "value": "Courtney Fox",
    "synonyms": [
      "Courtney Fox"
    ]
  },
  {
    "value": "Craig Robinson",
    "synonyms": [
      "Craig Robinson"
    ]
  },
  {
    "value": "Dakota Fanning",
    "synonyms": [
      "Dakota Fanning"
    ]
  },
  {
    "value": "Daniel Craig",
    "synonyms": [
      "Daniel Craig"
    ]
  },
  {
    "value": "Daniel Day-Lewis",
    "synonyms": [
      "Daniel Day-Lewis"
    ]
  },
  {
    "value": "Danielle Panabaker",
    "synonyms": [
      "Danielle Panabaker"
    ]
  },
  {
    "value": "Daniel Radcliffe",
    "synonyms": [
      "Daniel Radcliffe"
    ]
  },
  {
    "value": "Dave Franco",
    "synonyms": [
      "Dave Franco"
    ]
  },
  {
    "value": "David Fincher",
    "synonyms": [
      "David Fincher",
      "Fincher"
    ]
  },
  {
    "value": "David Spade",
    "synonyms": [
      "David Spade"
    ]
  },
  {
    "value": "Deepika Padukone",
    "synonyms": [
      "Deepika Padukone"
    ]
  },
  {
    "value": "Demi Moore",
    "synonyms": [
      "Demi Moore"
    ]
  },
  {
    "value": "Denise Richards",
    "synonyms": [
      "Denise Richards"
    ]
  },
  {
    "value": "Denzel Washington",
    "synonyms": [
      "Denzel Washington"
    ]
  },
  {
    "value": "Dev Patel",
    "synonyms": [
      "Dev Patel"
    ]
  },
  {
    "value": "Dia Mirza",
    "synonyms": [
      "Dia Mirza"
    ]
  },
  {
    "value": "Diana Argon",
    "synonyms": [
      "Diana Argon"
    ]
  },
  {
    "value": "Diana Lane",
    "synonyms": [
      "Diana Lane"
    ]
  },
  {
    "value": "Djimon Hounsou",
    "synonyms": [
      "Djimon Hounsou"
    ]
  },
  {
    "value": "Domhnall Gleeson",
    "synonyms": [
      "Domhnall Gleeson"
    ]
  },
  {
    "value": "Drew Barrymore",
    "synonyms": [
      "Drew Barrymore"
    ]
  },
  {
    "value": "Dwayne Johnson",
    "synonyms": [
      "Dwayne Johnson",
      "The Rock",
      "Rock"
    ]
  },
  {
    "value": "Dylan O\u0027Brien",
    "synonyms": [
      "Dylan O\u0027Brien"
    ]
  },
  {
    "value": "Eddie Redmayne",
    "synonyms": [
      "Eddie Redmayne",
      "Redmayne"
    ]
  },
  {
    "value": "Ed Helms",
    "synonyms": [
      "Ed Helms"
    ]
  },
  {
    "value": "Ed O\u0027Neill",
    "synonyms": [
      "Ed O\u0027Neill"
    ]
  },
  {
    "value": "Edward Norton",
    "synonyms": [
      "Edward Norton",
      "Norton"
    ]
  },
  {
    "value": "Elisha Cuthbert",
    "synonyms": [
      "Elisha Cuthbert"
    ]
  },
  {
    "value": "Elizabeth Banks",
    "synonyms": [
      "Elizabeth Banks"
    ]
  },
  {
    "value": "Elizabeth Olsen",
    "synonyms": [
      "Elizabeth Olsen",
      "Elizabeth Olson"
    ]
  },
  {
    "value": "Ellen Burnstyn",
    "synonyms": [
      "Ellen Burnstyn"
    ]
  },
  {
    "value": "Ellen DeGeneres",
    "synonyms": [
      "Ellen DeGeneres"
    ]
  },
  {
    "value": "Ellen Page",
    "synonyms": [
      "Ellen Page"
    ]
  },
  {
    "value": "Emile Hirsch",
    "synonyms": [
      "Emile Hirsch"
    ]
  },
  {
    "value": "Emily Baldoni",
    "synonyms": [
      "Emily Baldoni"
    ]
  },
  {
    "value": "Emily Blunt",
    "synonyms": [
      "Emily Blunt"
    ]
  },
  {
    "value": "Emily Ratajkowski",
    "synonyms": [
      "Emily Ratakkowski"
    ]
  },
  {
    "value": "Emma Roberts",
    "synonyms": [
      "Emma Roberts"
    ]
  },
  {
    "value": "Emma Stone",
    "synonyms": [
      "Emma Stone"
    ]
  },
  {
    "value": "Emma Watson",
    "synonyms": [
      "Emma Watson"
    ]
  },
  {
    "value": "Emmy Rossum",
    "synonyms": [
      "Emmy Rossum"
    ]
  },
  {
    "value": "Eric Bana",
    "synonyms": [
      "Eric Bana"
    ]
  },
  {
    "value": "Esha Gupta",
    "synonyms": [
      "Esha Gupta",
      "Isha Gupta"
    ]
  },
  {
    "value": "Ethan Hawke",
    "synonyms": [
      "Ethan Hawke"
    ]
  },
  {
    "value": "Eva Green",
    "synonyms": [
      "Eva Green"
    ]
  },
  {
    "value": "Eva Longoria",
    "synonyms": [
      "Eva Longoria"
    ]
  },
  {
    "value": "Eva Mendes",
    "synonyms": [
      "Eva Mendes"
    ]
  },
  {
    "value": "Farhan Akhtar",
    "synonyms": [
      "Farhan Akthar"
    ]
  },
  {
    "value": "Felicity Jones",
    "synonyms": [
      "Felicity Jones"
    ]
  },
  {
    "value": "Frieda Pinto",
    "synonyms": [
      "Frieda Pinto"
    ]
  },
  {
    "value": "Gal Gadot",
    "synonyms": [
      "Gal Gadot"
    ]
  },
  {
    "value": "Gary Oldman",
    "synonyms": [
      "Gary Oldman"
    ]
  },
  {
    "value": "George Clooney",
    "synonyms": [
      "George Clooney"
    ]
  },
  {
    "value": "George Lucas",
    "synonyms": [
      "George Lucas"
    ]
  },
  {
    "value": "Gerard Butler",
    "synonyms": [
      "Gerard Butler"
    ]
  },
  {
    "value": "Guy Pearce",
    "synonyms": [
      "Guy Pearce"
    ]
  },
  {
    "value": "Gwyneth Paltrow",
    "synonyms": [
      "Gwyneth Paltrow"
    ]
  },
  {
    "value": "Haley Joel Osment",
    "synonyms": [
      "Haley Joel Osment"
    ]
  },
  {
    "value": "Harrison Ford",
    "synonyms": [
      "Harrison Ford"
    ]
  },
  {
    "value": "Hayden Penettiere",
    "synonyms": [
      "Hayden Penettiere"
    ]
  },
  {
    "value": "Heather Graham",
    "synonyms": [
      "Heather Graham"
    ]
  },
  {
    "value": "Heather Locklear",
    "synonyms": [
      "Heather Locklear"
    ]
  },
  {
    "value": "Heath Ledger",
    "synonyms": [
      "Heath Ledger"
    ]
  },
  {
    "value": "Helena Bonham Carter",
    "synonyms": [
      "Helena Bonham Carter",
      "Helena Carter"
    ]
  },
  {
    "value": "Helen Hunt",
    "synonyms": [
      "Helen Hunt"
    ]
  },
  {
    "value": "Helen Mirren",
    "synonyms": [
      "Helen Mirren",
      "Dame Helen Mirren"
    ]
  },
  {
    "value": "Henry Cavill",
    "synonyms": [
      "Henry Cavill"
    ]
  },
  {
    "value": "Hilary Duff",
    "synonyms": [
      "Hilary Duff",
      "Hillary Duff"
    ]
  },
  {
    "value": "Hilary Swank",
    "synonyms": [
      "Hilary Swank"
    ]
  },
  {
    "value": "Hrithik Roshan",
    "synonyms": [
      "Hrithik Roshan",
      "Hritik Roshan",
      "Ritik Roshan"
    ]
  },
  {
    "value": "Hugh Jackman",
    "synonyms": [
      "Hugh Jackman"
    ]
  },
  {
    "value": "Hugh Laurie",
    "synonyms": [
      "Hugh Laurie"
    ]
  },
  {
    "value": "Isabel Lucas",
    "synonyms": [
      "Isabel Lucas"
    ]
  },
  {
    "value": "Isla Fischer",
    "synonyms": [
      "Isla Fischer",
      "Isla Fisher"
    ]
  },
  {
    "value": "Jack Black",
    "synonyms": [
      "Jack Black"
    ]
  },
  {
    "value": "Jackie Chan",
    "synonyms": [
      "Jackie Chan"
    ]
  },
  {
    "value": "Jack Nicholson",
    "synonyms": [
      "Jack Nicholson"
    ]
  },
  {
    "value": "Jacqueline Fernandes",
    "synonyms": [
      "Jacqueline Fernandes"
    ]
  },
  {
    "value": "Jake Gyllenhaal",
    "synonyms": [
      "Jake Gyllenhal",
      "Gyllenhaal"
    ]
  },
  {
    "value": "James Cameron",
    "synonyms": [
      "James Cameron"
    ]
  },
  {
    "value": "James Franco",
    "synonyms": [
      "James Franco"
    ]
  },
  {
    "value": "James Marsden",
    "synonyms": [
      "James Marsden"
    ]
  },
  {
    "value": "James McAvoy",
    "synonyms": [
      "James McAvoy"
    ]
  },
  {
    "value": "Jamie Foxx",
    "synonyms": [
      "Jamie Foxx"
    ]
  },
  {
    "value": "Jane Fonda",
    "synonyms": [
      "Jane Fonda"
    ]
  },
  {
    "value": "January Jones",
    "synonyms": [
      "January Jones"
    ]
  },
  {
    "value": "Jared Leto",
    "synonyms": [
      "Jared Leto"
    ]
  },
  {
    "value": "Jason Bateman",
    "synonyms": [
      "Jason Bateman"
    ]
  },
  {
    "value": "Jason Biggs",
    "synonyms": [
      "Jason Biggs"
    ]
  },
  {
    "value": "Jason Siegel",
    "synonyms": [
      "Jason Siegel",
      "Jason Segel"
    ]
  },
  {
    "value": "Jason Statham",
    "synonyms": [
      "Jason Statham"
    ]
  },
  {
    "value": "Jason Sudekis",
    "synonyms": [
      "Jason Sudekis"
    ]
  },
  {
    "value": "Javier Bardem",
    "synonyms": [
      "Javier Bardem"
    ]
  },
  {
    "value": "Jeff Bridges",
    "synonyms": [
      "Jeff Bridges"
    ]
  },
  {
    "value": "Jeff Goldblum",
    "synonyms": [
      "Jeff Goldblum"
    ]
  },
  {
    "value": "Jena Malone",
    "synonyms": [
      "Jena Malone"
    ]
  },
  {
    "value": "Jennifer Aniston",
    "synonyms": [
      "Jennifer Aniston"
    ]
  },
  {
    "value": "Jennifer Connelly",
    "synonyms": [
      "Jennifer Connelly"
    ]
  },
  {
    "value": "Jennifer Garner",
    "synonyms": [
      "Jennifer Garner"
    ]
  },
  {
    "value": "Jennifer Jason Leigh",
    "synonyms": [
      "Jennifer Jason Leigh"
    ]
  },
  {
    "value": "Jennifer Lawrence",
    "synonyms": [
      "Jennifer Lawrence"
    ]
  },
  {
    "value": "Jennifer Lopez",
    "synonyms": [
      "Jennifer Lopez"
    ]
  },
  {
    "value": "Jeremy Irons",
    "synonyms": [
      "Jeremy Irons"
    ]
  },
  {
    "value": "Jeremy Renner",
    "synonyms": [
      "Jeremy Renner"
    ]
  },
  {
    "value": "Jesse Eisenberg",
    "synonyms": [
      "Jesse Eisenberg"
    ]
  },
  {
    "value": "Jessica Alba",
    "synonyms": [
      "Jessica Alba"
    ]
  },
  {
    "value": "Jessica Biel",
    "synonyms": [
      "Jessica Biel"
    ]
  },
  {
    "value": "Jessica Chastain",
    "synonyms": [
      "Jessica Chastain"
    ]
  },
  {
    "value": "Jim Carrey",
    "synonyms": [
      "Jim Carrey"
    ]
  },
  {
    "value": "Jim Parsons",
    "synonyms": [
      "Jim Parsons"
    ]
  },
  {
    "value": "Jim Strugess",
    "synonyms": [
      "Jim Strugess"
    ]
  },
  {
    "value": "J.K. Simmons",
    "synonyms": [
      "J.K. Simmons",
      "JK Simmons",
      "J K Simmons"
    ]
  },
  {
    "value": "Joaquin Phoenix",
    "synonyms": [
      "Joaquin Phoenix"
    ]
  },
  {
    "value": "Jodie Foster",
    "synonyms": [
      "Jodie Foster"
    ]
  },
  {
    "value": "Joe Manganiello",
    "synonyms": [
      "Joe Manganiello"
    ]
  },
  {
    "value": "John Abraham",
    "synonyms": [
      "John Abraham"
    ]
  },
  {
    "value": "John Cusack",
    "synonyms": [
      "John Cusack"
    ]
  },
  {
    "value": "Johnny Depp",
    "synonyms": [
      "Johnny Depp",
      "Jonny Depp"
    ]
  },
  {
    "value": "John Travlota",
    "synonyms": [
      "John Travlota"
    ]
  },
  {
    "value": "Jonah Hill",
    "synonyms": [
      "Jonah Hill"
    ]
  },
  {
    "value": "Jordana Brewster",
    "synonyms": [
      "Jordana Brewster"
    ]
  },
  {
    "value": "Joseph Gordon-Levit",
    "synonyms": [
      "Joseph Gordon-Levit"
    ]
  },
  {
    "value": "Jude Law",
    "synonyms": [
      "Jude Law"
    ]
  },
  {
    "value": "Judi Dench",
    "synonyms": [
      "Judi Dench"
    ]
  },
  {
    "value": "Julianne Moore",
    "synonyms": [
      "Julianne Moore"
    ]
  },
  {
    "value": "Julia Roberts",
    "synonyms": [
      "Julia Roberts"
    ]
  },
  {
    "value": "Julie Bowen",
    "synonyms": [
      "Julie Bowen"
    ]
  },
  {
    "value": "Jusitn Long",
    "synonyms": [
      "Jusitn Long"
    ]
  },
  {
    "value": "Justin Timberlake",
    "synonyms": [
      "Justin Timberlake"
    ]
  },
  {
    "value": "Kaley Cuoco",
    "synonyms": [
      "Kaley Cuoco"
    ]
  },
  {
    "value": "Karan Johar",
    "synonyms": [
      "Karan Johar"
    ]
  },
  {
    "value": "Kareena Kapoor",
    "synonyms": [
      "Kareena Kapoor"
    ]
  },
  {
    "value": "Karen Gillian",
    "synonyms": [
      "Karen Gillian"
    ]
  },
  {
    "value": "Kat Dennings",
    "synonyms": [
      "Kat Dennings"
    ]
  },
  {
    "value": "Kate Beckinsale",
    "synonyms": [
      "Kate Beckinsale"
    ]
  },
  {
    "value": "Kate Bosworth",
    "synonyms": [
      "Kate Bosworth"
    ]
  },
  {
    "value": "Kate Mara",
    "synonyms": [
      "Kate Mara"
    ]
  },
  {
    "value": "Kate Upton",
    "synonyms": [
      "Kate Upton"
    ]
  },
  {
    "value": "Kate Winslet",
    "synonyms": [
      "Kate Winslet"
    ]
  },
  {
    "value": "Katherine Heigl",
    "synonyms": [
      "Katherine Heigl"
    ]
  },
  {
    "value": "Kathryn Bigelow",
    "synonyms": [
      "Kathryn Bigelow"
    ]
  },
  {
    "value": "Katie Holmes",
    "synonyms": [
      "Katie Holmes"
    ]
  },
  {
    "value": "Katrina Kaif",
    "synonyms": [
      "Katrina Kaif"
    ]
  },
  {
    "value": "Keira Knightely",
    "synonyms": [
      "Keira Knightely"
    ]
  },
  {
    "value": "Ken Jeong",
    "synonyms": [
      "Ken Jeong"
    ]
  },
  {
    "value": "Kevin Bacon",
    "synonyms": [
      "Kevin Bacon"
    ]
  },
  {
    "value": "Kevin Hart",
    "synonyms": [
      "Kevin Hart"
    ]
  },
  {
    "value": "Kevin James",
    "synonyms": [
      "Kevin James"
    ]
  },
  {
    "value": "Kevin Spacey",
    "synonyms": [
      "Kevin Spacey"
    ]
  },
  {
    "value": "Kit Harrington",
    "synonyms": [
      "Kit Harrington"
    ]
  },
  {
    "value": "Kristen Bell",
    "synonyms": [
      "Kristen Bell"
    ]
  },
  {
    "value": "Kristen Dunst",
    "synonyms": [
      "Kristen Dunst"
    ]
  },
  {
    "value": "Kristen Stewart",
    "synonyms": [
      "Kristen Stewart"
    ]
  },
  {
    "value": "Kristen Wiig",
    "synonyms": [
      "Kristen Wiig"
    ]
  },
  {
    "value": "Kriti Sanon",
    "synonyms": [
      "Kriti Sanon"
    ]
  },
  {
    "value": "Krysten Ritter",
    "synonyms": [
      "Krysten Ritter"
    ]
  },
  {
    "value": "Lara Dutta",
    "synonyms": [
      "Lara Dutta"
    ]
  },
  {
    "value": "Lauren Cohen",
    "synonyms": [
      "Lauren Cohen"
    ]
  },
  {
    "value": "Lea Seydoux",
    "synonyms": [
      "Lea Seydoux"
    ]
  },
  {
    "value": "Leonardo DiCaprio",
    "synonyms": [
      "Leonardo DiCaprio",
      "Leo Dicaprio",
      "Leonardo Di Caprio"
    ]
  },
  {
    "value": "Leslie Mann",
    "synonyms": [
      "Leslie Mann"
    ]
  },
  {
    "value": "Liam Hemsworth",
    "synonyms": [
      "Liam Hemsworth"
    ]
  },
  {
    "value": "Liam Neeson",
    "synonyms": [
      "Liam Neeson"
    ]
  },
  {
    "value": "Liev Schreiber",
    "synonyms": [
      "Liev Schreiber"
    ]
  },
  {
    "value": "Lindsay Lohan",
    "synonyms": [
      "Lindsay Lohan"
    ]
  },
  {
    "value": "Lisa Kudrow",
    "synonyms": [
      "Lisa Kudrow"
    ]
  },
  {
    "value": "Lizzy Caplan",
    "synonyms": [
      "Lizzy Caplan"
    ]
  },
  {
    "value": "Mads Mikkelsen",
    "synonyms": [
      "Mads Mikkelsen"
    ]
  },
  {
    "value": "Maggie Grace",
    "synonyms": [
      "Maggie Grace"
    ]
  },
  {
    "value": "Maggie Gyllenhaal",
    "synonyms": [
      "Maggie Gyllenhaal"
    ]
  },
  {
    "value": "Margot Robbie",
    "synonyms": [
      "Margot Robbie"
    ]
  },
  {
    "value": "Mark Ruffalo",
    "synonyms": [
      "Mark Ruffalo"
    ]
  },
  {
    "value": "Mark Strong",
    "synonyms": [
      "Mark Strong"
    ]
  },
  {
    "value": "Mark Wahlberg",
    "synonyms": [
      "Mark Wahlberg"
    ]
  },
  {
    "value": "Marlon Wayans",
    "synonyms": [
      "Marlon Wayans"
    ]
  },
  {
    "value": "Martin Scorsese",
    "synonyms": [
      "Martin Scorsese",
      "Martin Scorcese",
      "Scorsese"
    ]
  },
  {
    "value": "Martin Sheen",
    "synonyms": [
      "Martin Sheen"
    ]
  },
  {
    "value": "Mary Elizabeth Winsted",
    "synonyms": [
      "Mary Elizabeth Winsted"
    ]
  },
  {
    "value": "Matt Bomer",
    "synonyms": [
      "Matt Bomer"
    ]
  },
  {
    "value": "Matt Damon",
    "synonyms": [
      "Matt Damon"
    ]
  },
  {
    "value": "Matthew McConaughey",
    "synonyms": [
      "Matthew McConaughey",
      "McConaughey"
    ]
  },
  {
    "value": "Matthew Perry",
    "synonyms": [
      "Matthew Perry"
    ]
  },
  {
    "value": "Matt LeBlanc",
    "synonyms": [
      "Matt LeBlanc"
    ]
  },
  {
    "value": "Max Minghella",
    "synonyms": [
      "Max Minghella"
    ]
  },
  {
    "value": "Megan Fox",
    "synonyms": [
      "Megan Fox"
    ]
  },
  {
    "value": "Mel Gibson",
    "synonyms": [
      "Mel Gibson"
    ]
  },
  {
    "value": "Melissa Benoist",
    "synonyms": [
      "Melissa Benoist"
    ]
  },
  {
    "value": "Melissa McCarthy",
    "synonyms": [
      "Melissa McCarthy"
    ]
  },
  {
    "value": "Meryl Streep",
    "synonyms": [
      "Meryl Streep"
    ]
  },
  {
    "value": "Micheal B Jordan",
    "synonyms": [
      "Micheal B Jordan"
    ]
  },
  {
    "value": "Micheal Caine",
    "synonyms": [
      "Micheal Caine"
    ]
  },
  {
    "value": "Micheal Cera",
    "synonyms": [
      "Micheal Cera"
    ]
  },
  {
    "value": "Micheal Douglas",
    "synonyms": [
      "Micheal Douglas"
    ]
  },
  {
    "value": "Micheal Fassbender",
    "synonyms": [
      "Micheal Fassbender"
    ]
  },
  {
    "value": "Micheal Keaton",
    "synonyms": [
      "Micheal Keaton"
    ]
  },
  {
    "value": "Micheal Kelly",
    "synonyms": [
      "Micheal Kelly"
    ]
  },
  {
    "value": "Michelle Monaghan",
    "synonyms": [
      "Michelle Monaghan"
    ]
  },
  {
    "value": "Michelle Rogdriquez",
    "synonyms": [
      "Michelle Rogdriquez"
    ]
  },
  {
    "value": "Mila Kunis",
    "synonyms": [
      "Mila Kunis"
    ]
  },
  {
    "value": "Miles Teller",
    "synonyms": [
      "Miles Teller"
    ]
  },
  {
    "value": "Minka Kelly",
    "synonyms": [
      "Minka Kelly"
    ]
  },
  {
    "value": "Monica Bellucci",
    "synonyms": [
      "Monica Bellucci"
    ]
  },
  {
    "value": "Morena Baccarin",
    "synonyms": [
      "Morena Baccarin"
    ]
  },
  {
    "value": "Morgan Freeman",
    "synonyms": [
      "Morgan Freeman"
    ]
  },
  {
    "value": "Naomi Watts",
    "synonyms": [
      "Naomi Watts"
    ]
  },
  {
    "value": "Natalie Portman",
    "synonyms": [
      "Natalie Portman"
    ]
  },
  {
    "value": "Nat Wolff",
    "synonyms": [
      "Nat Wolff"
    ]
  },
  {
    "value": "Neha Dhupia",
    "synonyms": [
      "Neha Dhupia"
    ]
  },
  {
    "value": "Neha Sharma",
    "synonyms": [
      "Neha Sharma"
    ]
  },
  {
    "value": "Neil Patrick Harris",
    "synonyms": [
      "Neil Patrick Harris"
    ]
  },
  {
    "value": "Nick Offerman",
    "synonyms": [
      "Nick Offerman"
    ]
  },
  {
    "value": "Nicholas Cage",
    "synonyms": [
      "Nicholas Cage"
    ]
  },
  {
    "value": "Nicole Kidman",
    "synonyms": [
      "Nicole Kidman"
    ]
  },
  {
    "value": "Nikolaj Coster-Waldau",
    "synonyms": [
      "Nikolaj Coster-"
    ]
  },
  {
    "value": "Nina Dobrev",
    "synonyms": [
      "Nina Dobrev"
    ]
  },
  {
    "value": "Olivia Wilde",
    "synonyms": [
      "Olivia Wilde"
    ]
  },
  {
    "value": "Orsen Wells",
    "synonyms": [
      "Orsen Wells"
    ]
  },
  {
    "value": "Owen Wilson",
    "synonyms": [
      "Owen Wilson"
    ]
  },
  {
    "value": "Patricia Arquette",
    "synonyms": [
      "Patricia Arquette"
    ]
  },
  {
    "value": "Patricia Clarkson",
    "synonyms": [
      "Patricia Clarkson"
    ]
  },
  {
    "value": "Patrick Demsey",
    "synonyms": [
      "Patrick Demsey"
    ]
  },
  {
    "value": "Patrick Wilson",
    "synonyms": [
      "Patrick Wilson"
    ]
  },
  {
    "value": "Paula Patton",
    "synonyms": [
      "Paula Patton"
    ]
  },
  {
    "value": "Paul Giamatti",
    "synonyms": [
      "Paul Giamatti"
    ]
  },
  {
    "value": "Paul Rudd",
    "synonyms": [
      "Paul Rudd"
    ]
  },
  {
    "value": "Paul Walker",
    "synonyms": [
      "Paul Walker"
    ]
  },
  {
    "value": "Penelope Cruz",
    "synonyms": [
      "Penelope Cruz"
    ]
  },
  {
    "value": "Peter Dinklage",
    "synonyms": [
      "Peter Dinklage"
    ]
  },
  {
    "value": "Peter Jackson",
    "synonyms": [
      "Peter Jackson"
    ]
  },
  {
    "value": "Peyton List",
    "synonyms": [
      "Peyton List"
    ]
  },
  {
    "value": "Prachi Desai",
    "synonyms": [
      "Prachi Desai"
    ]
  },
  {
    "value": "Priyanka Chopra",
    "synonyms": [
      "Priyanka Chopra"
    ]
  },
  {
    "value": "Quentin Tarantino",
    "synonyms": [
      "Quentin Tarantino",
      "Tarantino"
    ]
  },
  {
    "value": "Rachel Bilson",
    "synonyms": [
      "Rachel Bildon"
    ]
  },
  {
    "value": "Rachel McAdams",
    "synonyms": [
      "Rachel McAdams",
      "McAdams",
      "Beautiful"
    ]
  },
  {
    "value": "Rachel Taylor",
    "synonyms": [
      "Rachel Taylor"
    ]
  },
  {
    "value": "Rachel Weisz",
    "synonyms": [
      "Rachel Weisz"
    ]
  },
  {
    "value": "Rajnikanth",
    "synonyms": [
      "Rajnikanth"
    ]
  },
  {
    "value": "Ranbir Kapoor",
    "synonyms": [
      "Ranbir Kapoor"
    ]
  },
  {
    "value": "Rani Mukherjee",
    "synonyms": [
      "Rani Mukherjee"
    ]
  },
  {
    "value": "Ranveer Singh",
    "synonyms": [
      "Ranveer Singh"
    ]
  },
  {
    "value": "Rashida Jones",
    "synonyms": [
      "Rashida Jones"
    ]
  },
  {
    "value": "Ray Liotta",
    "synonyms": [
      "Ray Liotta"
    ]
  },
  {
    "value": "Rebecca Hall",
    "synonyms": [
      "Rebecca Hall"
    ]
  },
  {
    "value": "Resse Witherspoon",
    "synonyms": [
      "Resse Witherspoon"
    ]
  },
  {
    "value": "Ridley Scott",
    "synonyms": [
      "Ridley Scott"
    ]
  },
  {
    "value": "Robert De Niro",
    "synonyms": [
      "Robert De Niro"
    ]
  },
  {
    "value": "Robert Downey Jr.",
    "synonyms": [
      "Robert Downey Jr.",
      "RDJ"
    ]
  },
  {
    "value": "Robert Duvall",
    "synonyms": [
      "Robert Du"
    ]
  },
  {
    "value": "Robert Pattinson",
    "synonyms": [
      "Robert Pattinson"
    ]
  },
  {
    "value": "Robert Redford",
    "synonyms": [
      "Robert Redford"
    ]
  },
  {
    "value": "Robert Zemeckis",
    "synonyms": [
      "Robert Zemeckis"
    ]
  },
  {
    "value": "Robin Williams",
    "synonyms": [
      "Robin Williams"
    ]
  },
  {
    "value": "Robin Wright",
    "synonyms": [
      "Robin Wright"
    ]
  },
  {
    "value": "Rob Reiner",
    "synonyms": [
      "Rob Reiner"
    ]
  },
  {
    "value": "Roman Polanski",
    "synonyms": [
      "Roman Polanski"
    ]
  },
  {
    "value": "Ron Howard",
    "synonyms": [
      "Ron Howard"
    ]
  },
  {
    "value": "Rooney Mara",
    "synonyms": [
      "Rooney Mara"
    ]
  },
  {
    "value": "Rosamund Pike",
    "synonyms": [
      "Rosamund Pike"
    ]
  },
  {
    "value": "Rosario Dawson",
    "synonyms": [
      "Rosario Dawson"
    ]
  },
  {
    "value": "Rose Byrne",
    "synonyms": [
      "Rose Byrne"
    ]
  },
  {
    "value": "Russel Crowe",
    "synonyms": [
      "Russel Crowe"
    ]
  },
  {
    "value": "Ryan Gosling",
    "synonyms": [
      "Ryan Gosling"
    ]
  },
  {
    "value": "Ryan Phillippe",
    "synonyms": [
      "Ryan Phillipe"
    ]
  },
  {
    "value": "Ryan Reynolds",
    "synonyms": [
      "Ryan Reynolds"
    ]
  },
  {
    "value": "Saif Ali Khan",
    "synonyms": [
      "Saif Ali Khan"
    ]
  },
  {
    "value": "Sam Clafin",
    "synonyms": [
      "Sam clafin"
    ]
  },
  {
    "value": "Sameera Reddy",
    "synonyms": [
      "Sameera Reddy"
    ]
  },
  {
    "value": "Samuel L. Jackson",
    "synonyms": [
      "Samuel L. Jackson"
    ]
  },
  {
    "value": "Sandra Bullock",
    "synonyms": [
      "Sandra Bullock"
    ]
  },
  {
    "value": "Sarah Hyland",
    "synonyms": [
      "Sarah Hyland"
    ]
  },
  {
    "value": "Sarah Roemer",
    "synonyms": [
      "Sarah Roemer"
    ]
  },
  {
    "value": "Sasha Baron Cohen",
    "synonyms": [
      "Sasha Baron Cohen"
    ]
  },
  {
    "value": "Scarlett Johansson",
    "synonyms": [
      "Scarlett Johansson"
    ]
  },
  {
    "value": "Sean Bean",
    "synonyms": [
      "Sean Bean"
    ]
  },
  {
    "value": "Sean Penn",
    "synonyms": [
      "Sean Penn"
    ]
  },
  {
    "value": "Sebastian Stan",
    "synonyms": [
      "Sebastian Stan"
    ]
  },
  {
    "value": "Selena Gomez",
    "synonyms": [
      "Selena Gomez"
    ]
  },
  {
    "value": "Selma Blair",
    "synonyms": [
      "Selma Blair"
    ]
  },
  {
    "value": "Seth MacFarlane",
    "synonyms": [
      "Seth MacFarlane"
    ]
  },
  {
    "value": "Seth Rogen",
    "synonyms": [
      "Seth Rogen"
    ]
  },
  {
    "value": "Shahid Kapoor",
    "synonyms": [
      "Shahid Kapoor"
    ]
  },
  {
    "value": "Shah Rukh Khan",
    "synonyms": [
      "Shah Rukh Khan"
    ]
  },
  {
    "value": "Shailene Woodley",
    "synonyms": [
      "Shailene Woodley"
    ]
  },
  {
    "value": "Sharon Stone",
    "synonyms": [
      "Sharon Stone"
    ]
  },
  {
    "value": "Shia LaBeouf",
    "synonyms": [
      "Shia LaBeouf"
    ]
  },
  {
    "value": "Siddharth Malhotra",
    "synonyms": [
      "Siddharth Malhotra"
    ]
  },
  {
    "value": "Sienna Miller",
    "synonyms": [
      "Sienna Miller"
    ]
  },
  {
    "value": "Sofia Vergara",
    "synonyms": [
      "Sofia Vergara"
    ]
  },
  {
    "value": "Sonam Kapoor",
    "synonyms": [
      "Sonam Kapoor"
    ]
  },
  {
    "value": "Sophie Turner",
    "synonyms": [
      "Sophie Turner"
    ]
  },
  {
    "value": "Stanley Tucci",
    "synonyms": [
      "Stanley Tucci"
    ]
  },
  {
    "value": "Steve Carell",
    "synonyms": [
      "Steve Carell"
    ]
  },
  {
    "value": "Steven Spielberg",
    "synonyms": [
      "Steven Spielberg"
    ]
  },
  {
    "value": "Susan Sarandon",
    "synonyms": [
      "Susan Sarandon"
    ]
  },
  {
    "value": "Sylvester Stallone",
    "synonyms": [
      "Sylvester Stallone"
    ]
  },
  {
    "value": "Tara Reid",
    "synonyms": [
      "Tara Reid"
    ]
  },
  {
    "value": "Taylor Lautner",
    "synonyms": [
      "Taylor Lautner"
    ]
  },
  {
    "value": "Teresa Palmer",
    "synonyms": [
      "Teresa Palmer"
    ]
  },
  {
    "value": "Terrence Howard",
    "synonyms": [
      "Terrence Howard"
    ]
  },
  {
    "value": "Tim Burton",
    "synonyms": [
      "Tim Burton"
    ]
  },
  {
    "value": "Tim Robbins",
    "synonyms": [
      "Tim Robbins"
    ]
  },
  {
    "value": "Tina Fey",
    "synonyms": [
      "Tina Fey"
    ]
  },
  {
    "value": "T.J. Miller",
    "synonyms": [
      "T.J. Miller"
    ]
  },
  {
    "value": "Tom Cruise",
    "synonyms": [
      "Tom Cruise"
    ]
  },
  {
    "value": "Tom Hanks",
    "synonyms": [
      "Tom Hanks"
    ]
  },
  {
    "value": "Tom Hardy",
    "synonyms": [
      "Tom Hardy"
    ]
  },
  {
    "value": "Tom Hiddleston",
    "synonyms": [
      "Tom Hiddleston"
    ]
  },
  {
    "value": "Uma Therman",
    "synonyms": [
      "Uma Therman",
      "Uma Thurman"
    ]
  },
  {
    "value": "Venessa Hudgens",
    "synonyms": [
      "Venessa Hudgens"
    ]
  },
  {
    "value": "Victoria Justice",
    "synonyms": [
      "Victoria Justice"
    ]
  },
  {
    "value": "Vince Vaughn",
    "synonyms": [
      "Vince Vaughn"
    ]
  },
  {
    "value": "Vin Diesel",
    "synonyms": [
      "Vin Diesel"
    ]
  },
  {
    "value": "Viola Davis",
    "synonyms": [
      "Viola Davis"
    ]
  },
  {
    "value": "Wes Anderson",
    "synonyms": [
      "Wes Anderson"
    ]
  },
  {
    "value": "Will Ferrel",
    "synonyms": [
      "Will Ferrel"
    ]
  },
  {
    "value": "Will Smith",
    "synonyms": [
      "Will Smith"
    ]
  },
  {
    "value": "Woody Allen",
    "synonyms": [
      "Woody Allen"
    ]
  },
  {
    "value": "Yami Gautam",
    "synonyms": [
      "Yami Gautam"
    ]
  },
  {
    "value": "Zac Efron",
    "synonyms": [
      "Zac Efron"
    ]
  },
  {
    "value": "Zac Galifinakis",
    "synonyms": [
      "Zac Galifinakis"
    ]
  },
  {
    "value": "Zoe Saldana",
    "synonyms": [
      "Zoe Saldana"
    ]
  },
  {
    "value": "Zooey Deschanel",
    "synonyms": [
      "Zooey Deschanel"
    ]
  },
  {
    "value": "Danny Boyle",
    "synonyms": [
      "Danny Boyle"
    ]
  },
  {
    "value": "Ewan McGregor",
    "synonyms": [
      "Ewan McGregor"
    ]
  }
]