[
  {
    "id": "0728cf37-152e-4f28-b928-e6a553e7a8d7",
    "data": [
      {
        "text": "hmm",
        "userDefined": false
      }
    ],
    "isTemplate": false,
    "count": 0,
    "updated": 0
  },
  {
    "id": "4f316506-df02-4448-92ae-df0c763d34e8",
    "data": [
      {
        "text": "hmmm",
        "userDefined": false
      }
    ],
    "isTemplate": false,
    "count": 0,
    "updated": 0
  },
  {
    "id": "148042cf-f338-4d05-add1-bf15217aaf9e",
    "data": [
      {
        "text": "k",
        "userDefined": false
      }
    ],
    "isTemplate": false,
    "count": 0,
    "updated": 0
  },
  {
    "id": "e465c542-2c56-46b4-974e-4ace3e958932",
    "data": [
      {
        "text": "kk",
        "userDefined": false
      }
    ],
    "isTemplate": false,
    "count": 0,
    "updated": 0
  },
  {
    "id": "cef39239-e67d-45a3-b1f1-35f4a7b02c93",
    "data": [
      {
        "text": "kthx",
        "userDefined": false
      }
    ],
    "isTemplate": false,
    "count": 0,
    "updated": 0
  }
]