[
  {
    "id": "bfc3ee69-ffbd-4944-a804-52854dccfd85",
    "data": [
      {
        "text": "hello",
        "userDefined": false
      }
    ],
    "isTemplate": false,
    "count": 0,
    "updated": 0
  },
  {
    "id": "6d4822e9-bd1f-45ba-b8cd-c252bd284b15",
    "data": [
      {
        "text": "hey",
        "userDefined": false
      }
    ],
    "isTemplate": false,
    "count": 0,
    "updated": 0
  },
  {
    "id": "64a960df-d61a-4dc6-94fe-65fe9e998547",
    "data": [
      {
        "text": "heyo",
        "userDefined": false
      }
    ],
    "isTemplate": false,
    "count": 0,
    "updated": 0
  },
  {
    "id": "87934a17-4f8a-448b-93b5-3947cd6a4664",
    "data": [
      {
        "text": "hi ",
        "userDefined": false
      },
      {
        "text": "bot",
        "meta": "@sys.ignore",
        "userDefined": false
      }
    ],
    "isTemplate": false,
    "count": 0,
    "updated": 0
  },
  {
    "id": "c19415e1-5902-4069-9a92-e54ff23629cd",
    "data": [
      {
        "text": "hie",
        "userDefined": false
      }
    ],
    "isTemplate": false,
    "count": 0,
    "updated": 0
  },
  {
    "id": "77d3859a-5099-4faf-a2fb-e8bcac949ee5",
    "data": [
      {
        "text": "hi",
        "userDefined": false
      }
    ],
    "isTemplate": false,
    "count": 0,
    "updated": 0
  },
  {
    "id": "c29d6ea0-2800-46bf-bee6-26b71e727f01",
    "data": [
      {
        "text": "hiii",
        "userDefined": false
      }
    ],
    "isTemplate": false,
    "count": 0,
    "updated": 0
  },
  {
    "id": "5b7fc2b7-59dc-4497-ae2c-8dd773b1047c",
    "data": [
      {
        "text": "yo",
        "userDefined": false
      }
    ],
    "isTemplate": false,
    "count": 0,
    "updated": 0
  }
]