[
  {
    "id": "7c69ca57-7b45-4193-a6f2-f5eed3e11460",
    "data": [
      {
        "text": "how does this work",
        "userDefined": false
      }
    ],
    "isTemplate": false,
    "count": 0,
    "updated": 0
  },
  {
    "id": "88d1f11b-9a08-486b-8a7f-037dedc51e9a",
    "data": [
      {
        "text": "help",
        "userDefined": false
      }
    ],
    "isTemplate": false,
    "count": 0,
    "updated": 0
  },
  {
    "id": "88c4739e-d9d5-4c81-9617-450a4003a07f",
    "data": [
      {
        "text": "assistance",
        "userDefined": false
      }
    ],
    "isTemplate": false,
    "count": 0,
    "updated": 0
  },
  {
    "id": "6f5a34c4-96a5-4bb2-bb3b-131d876df6c3",
    "data": [
      {
        "text": "haalp",
        "userDefined": false
      }
    ],
    "isTemplate": false,
    "count": 0,
    "updated": 0
  },
  {
    "id": "2921b48d-3af6-4a41-867c-121aa803953a",
    "data": [
      {
        "text": "heelep",
        "userDefined": false
      }
    ],
    "isTemplate": false,
    "count": 0,
    "updated": 0
  },
  {
    "id": "fefdff9d-33e6-49c5-bcfb-e850237bf0fc",
    "data": [
      {
        "text": "heeelppp",
        "userDefined": false
      }
    ],
    "isTemplate": false,
    "count": 0,
    "updated": 0
  },
  {
    "id": "fb3552a9-856a-4d23-b76f-779e8d23218d",
    "data": [
      {
        "text": "help me",
        "userDefined": false
      }
    ],
    "isTemplate": false,
    "count": 0,
    "updated": 0
  },
  {
    "id": "185e0ebd-dfb2-4c51-93d3-17a5b24253b6",
    "data": [
      {
        "text": "i dont understand",
        "userDefined": false
      }
    ],
    "isTemplate": false,
    "count": 0,
    "updated": 0
  },
  {
    "id": "fc99f7a9-32b1-42ef-9b3b-dc6441db233f",
    "data": [
      {
        "text": "im confused",
        "userDefined": false
      }
    ],
    "isTemplate": false,
    "count": 0,
    "updated": 0
  },
  {
    "id": "c04cbdee-00da-4608-a8b5-f22a6892044c",
    "data": [
      {
        "text": "im stuck",
        "userDefined": false
      }
    ],
    "isTemplate": false,
    "count": 0,
    "updated": 0
  },
  {
    "id": "54a45518-60de-4583-a81b-8afc286fab7c",
    "data": [
      {
        "text": "i need help",
        "userDefined": false
      }
    ],
    "isTemplate": false,
    "count": 0,
    "updated": 0
  }
]