[
  {
    "id": "3d74c106-0809-4416-bc8d-400d912523ac",
    "data": [
      {
        "text": "backdrop",
        "userDefined": false
      }
    ],
    "isTemplate": false,
    "count": 0,
    "updated": 0
  },
  {
    "id": "cba6d665-e174-4817-9317-5768c48de40f",
    "data": [
      {
        "text": "backdrops",
        "userDefined": false
      }
    ],
    "isTemplate": false,
    "count": 0,
    "updated": 0
  },
  {
    "id": "61b2f29d-726b-4afa-a086-dc01b95f6d4d",
    "data": [
      {
        "text": "image",
        "userDefined": false
      }
    ],
    "isTemplate": false,
    "count": 0,
    "updated": 0
  },
  {
    "id": "ebef8613-c9a7-48a4-9ed1-cbed4c51b7f4",
    "data": [
      {
        "text": "screens",
        "userDefined": false
      }
    ],
    "isTemplate": false,
    "count": 0,
    "updated": 0
  },
  {
    "id": "6d9fa7a0-f682-4351-a204-a671da0d5ad8",
    "data": [
      {
        "text": "screenshots",
        "userDefined": false
      }
    ],
    "isTemplate": false,
    "count": 0,
    "updated": 0
  }
]