[
  {
    "id": "066844aa-4824-4d59-92ac-fe95c419e986",
    "data": [
      {
        "text": "lawl",
        "userDefined": false
      }
    ],
    "isTemplate": false,
    "count": 0,
    "updated": 0
  },
  {
    "id": "374cc53a-4a1c-460c-81fb-4d3dc2a461e8",
    "data": [
      {
        "text": "lel",
        "userDefined": false
      }
    ],
    "isTemplate": false,
    "count": 0,
    "updated": 0
  },
  {
    "id": "15a6ce03-c23c-48dd-8cd3-060828bbff7e",
    "data": [
      {
        "text": "ha ha",
        "userDefined": false
      }
    ],
    "isTemplate": false,
    "count": 0,
    "updated": 0
  },
  {
    "id": "7639b6fa-0113-4e65-861e-69fe9c3e7a1c",
    "data": [
      {
        "text": "haha",
        "userDefined": false
      }
    ],
    "isTemplate": false,
    "count": 0,
    "updated": 0
  },
  {
    "id": "1759e191-1690-4506-ab8b-4597b04501e6",
    "data": [
      {
        "text": "hahaha",
        "userDefined": false
      }
    ],
    "isTemplate": false,
    "count": 0,
    "updated": 0
  },
  {
    "id": "661ad5d5-c535-4835-aa47-b117fbb71960",
    "data": [
      {
        "text": "hahahahahah",
        "userDefined": false
      }
    ],
    "isTemplate": false,
    "count": 0,
    "updated": 0
  },
  {
    "id": "4e9034b0-42a7-4bff-8dfa-5842f1a13b8a",
    "data": [
      {
        "text": "heh heh",
        "userDefined": false
      }
    ],
    "isTemplate": false,
    "count": 0,
    "updated": 0
  },
  {
    "id": "79738130-1e12-4298-a295-dffdc25d9c61",
    "data": [
      {
        "text": "lol",
        "userDefined": false
      }
    ],
    "isTemplate": false,
    "count": 0,
    "updated": 0
  },
  {
    "id": "68044a60-d773-467c-8f53-3fdf30a8392a",
    "data": [
      {
        "text": "lolol",
        "userDefined": false
      }
    ],
    "isTemplate": false,
    "count": 0,
    "updated": 0
  }
]