[
  {
    "id": "e0d86fec-5964-4755-9d27-c1ac45f79590",
    "data": [
      {
        "text": "Next",
        "userDefined": false
      }
    ],
    "isTemplate": false,
    "count": 0,
    "updated": 1495362544
  },
  {
    "id": "288f6e51-7011-43a9-8f74-bc785d3d2aa2",
    "data": [
      {
        "text": "another",
        "userDefined": false
      }
    ],
    "isTemplate": false,
    "count": 0,
    "updated": 0
  },
  {
    "id": "c8bf624d-5db7-47c1-8903-d94c5d7e2439",
    "data": [
      {
        "text": "more movies",
        "userDefined": false
      }
    ],
    "isTemplate": false,
    "count": 0,
    "updated": 0
  },
  {
    "id": "2228df51-8dfd-49f9-ba64-34e22f4a34cd",
    "data": [
      {
        "text": "more",
        "userDefined": false
      }
    ],
    "isTemplate": false,
    "count": 0,
    "updated": 0
  },
  {
    "id": "5a1e5448-56e7-4a31-888f-18f2dd0a8402",
    "data": [
      {
        "text": "next movie",
        "userDefined": false
      }
    ],
    "isTemplate": false,
    "count": 0,
    "updated": 0
  },
  {
    "id": "044198cc-877a-4c35-a8a7-9d46e5ee62c5",
    "data": [
      {
        "text": "next title",
        "userDefined": false
      }
    ],
    "isTemplate": false,
    "count": 0,
    "updated": 0
  },
  {
    "id": "bd8223d6-f4e6-4146-b603-a418566968cf",
    "data": [
      {
        "text": "no",
        "userDefined": false
      }
    ],
    "isTemplate": false,
    "count": 0,
    "updated": 0
  },
  {
    "id": "4f3716c5-7a1d-405a-b17b-7a40b8f9087f",
    "data": [
      {
        "text": "other",
        "userDefined": false
      }
    ],
    "isTemplate": false,
    "count": 0,
    "updated": 0
  },
  {
    "id": "eb6e5e37-af9b-46ea-9332-8524268734f4",
    "data": [
      {
        "text": "other movies",
        "userDefined": false
      }
    ],
    "isTemplate": false,
    "count": 0,
    "updated": 0
  }
]