[
  {
    "id": "8173f7ac-ec0c-47f7-bf4d-a5519a0f0c8c",
    "data": [
      {
        "text": "blue",
        "meta": "@sys.ignore",
        "userDefined": false
      },
      {
        "text": " film",
        "userDefined": false
      }
    ],
    "isTemplate": false,
    "count": 0,
    "updated": 1507387283
  },
  {
    "id": "de279a68-7cc2-4dac-b670-83fa014f4b01",
    "data": [
      {
        "text": "porn",
        "userDefined": false
      }
    ],
    "isTemplate": false,
    "count": 0,
    "updated": 1507387283
  },
  {
    "id": "a16b87a4-bdc2-40c1-b677-b2e942cc9987",
    "data": [
      {
        "text": "boob",
        "userDefined": false
      }
    ],
    "isTemplate": false,
    "count": 0,
    "updated": 1507387283
  },
  {
    "id": "d25676aa-6ac8-42ea-b981-e4839c8fd829",
    "data": [
      {
        "text": "sex",
        "userDefined": false
      }
    ],
    "isTemplate": false,
    "count": 1,
    "updated": 1507387283
  },
  {
    "id": "e78ec232-9d6b-4e0a-9760-ab0981d706a7",
    "data": [
      {
        "text": "cunting",
        "userDefined": false
      }
    ],
    "isTemplate": false,
    "count": 0,
    "updated": 1507387283
  },
  {
    "id": "3cd1a9cc-5d2f-4f97-b362-682c899679b8",
    "data": [
      {
        "text": "ass",
        "userDefined": false
      }
    ],
    "isTemplate": false,
    "count": 0,
    "updated": 1507387283
  },
  {
    "id": "30a639dc-ebe1-4e9a-9605-2faac9fea2a4",
    "data": [
      {
        "text": "arsehole",
        "userDefined": false
      }
    ],
    "isTemplate": false,
    "count": 0,
    "updated": 1507387283
  },
  {
    "id": "be19d3dd-9db5-43b1-a356-7a1025544c12",
    "data": [
      {
        "text": "madarchod",
        "userDefined": false
      }
    ],
    "isTemplate": false,
    "count": 0,
    "updated": 1507387283
  },
  {
    "id": "c1b26dd5-41cd-4af7-9af5-d538dd0602d0",
    "data": [
      {
        "text": "fucking ",
        "userDefined": false
      },
      {
        "text": "bot",
        "meta": "@sys.ignore",
        "userDefined": false
      }
    ],
    "isTemplate": false,
    "count": 0,
    "updated": 1507387283
  },
  {
    "id": "86f2ca88-9518-458f-9c53-36c4a04cf3b4",
    "data": [
      {
        "text": "ffs",
        "userDefined": false
      }
    ],
    "isTemplate": false,
    "count": 0,
    "updated": 1507387283
  },
  {
    "id": "0f69a8ce-df1c-42d1-8d50-d5cdbec68851",
    "data": [
      {
        "text": "duck",
        "userDefined": false
      }
    ],
    "isTemplate": false,
    "count": 0,
    "updated": 1507387283
  },
  {
    "id": "0db2d006-06f8-46b3-b475-9e706d27309a",
    "data": [
      {
        "text": "ducking",
        "userDefined": false
      }
    ],
    "isTemplate": false,
    "count": 0,
    "updated": 1507387283
  },
  {
    "id": "6359b55b-9e21-4c7f-a958-0f288a9a47c6",
    "data": [
      {
        "text": "asshole",
        "userDefined": false
      }
    ],
    "isTemplate": false,
    "count": 0,
    "updated": 1495345221
  },
  {
    "id": "4bf3c6a4-93ac-402e-9423-36e7b6669ed9",
    "data": [
      {
        "text": "cock",
        "userDefined": false
      }
    ],
    "isTemplate": false,
    "count": 0,
    "updated": 1495345221
  },
  {
    "id": "39b437b1-fa2c-4e88-bb73-f99fa3c28059",
    "data": [
      {
        "text": "cunt",
        "userDefined": false
      }
    ],
    "isTemplate": false,
    "count": 0,
    "updated": 1495345221
  },
  {
    "id": "21989f45-6742-4ca5-ab28-70658209bf99",
    "data": [
      {
        "text": "fuck",
        "userDefined": false
      }
    ],
    "isTemplate": false,
    "count": 0,
    "updated": 1495345221
  },
  {
    "id": "42f7e63d-4d71-405f-b25b-7ca6fe5a546c",
    "data": [
      {
        "text": "fuck you",
        "userDefined": false
      }
    ],
    "isTemplate": false,
    "count": 0,
    "updated": 1495345221
  }
]