[
  {
    "id": "3ab778a9-664d-49fa-942b-daec8a4be1d6",
    "data": [
      {
        "text": "random movie",
        "userDefined": false
      }
    ],
    "isTemplate": false,
    "count": 0,
    "updated": 0
  },
  {
    "id": "08546ae6-1abd-4d4f-878e-9f29c2967162",
    "data": [
      {
        "text": "Random movies",
        "userDefined": false
      }
    ],
    "isTemplate": false,
    "count": 0,
    "updated": 1495377221
  },
  {
    "id": "625b9e07-78e3-457f-9c59-5469bb15d7c3",
    "data": [
      {
        "text": "your favorite movie",
        "userDefined": false
      }
    ],
    "isTemplate": false,
    "count": 0,
    "updated": 0
  },
  {
    "id": "65eb3dfb-f37c-469f-858c-4ea4c73750df",
    "data": [
      {
        "text": "any movie",
        "userDefined": false
      }
    ],
    "isTemplate": false,
    "count": 0,
    "updated": 0
  },
  {
    "id": "a43218a5-0a9b-4086-864a-cbb3769087e5",
    "data": [
      {
        "text": "awesome movie",
        "userDefined": false
      }
    ],
    "isTemplate": false,
    "count": 0,
    "updated": 0
  },
  {
    "id": "efa1cc58-8ce4-4215-83f4-0751e83c8f3f",
    "data": [
      {
        "text": "cool movie",
        "userDefined": false
      }
    ],
    "isTemplate": false,
    "count": 0,
    "updated": 0
  },
  {
    "id": "ff4c28b8-29cc-4874-aa1f-c3523b70dc1d",
    "data": [
      {
        "text": "fetch me a movie",
        "userDefined": false
      }
    ],
    "isTemplate": false,
    "count": 0,
    "updated": 0
  },
  {
    "id": "1278b2d9-665d-401e-b0a8-7bd0677d6990",
    "data": [
      {
        "text": "good movie",
        "userDefined": false
      }
    ],
    "isTemplate": false,
    "count": 0,
    "updated": 0
  },
  {
    "id": "34d72d2d-b6a2-44fd-9512-297d9f05fae0",
    "data": [
      {
        "text": "great movie",
        "userDefined": false
      }
    ],
    "isTemplate": false,
    "count": 0,
    "updated": 0
  },
  {
    "id": "911a69cf-900d-447a-94d1-48a86d2440c4",
    "data": [
      {
        "text": "interesting movie",
        "userDefined": false
      }
    ],
    "isTemplate": false,
    "count": 0,
    "updated": 0
  },
  {
    "id": "b0eb720a-13a2-4ee8-8587-f0e8a4ed14d1",
    "data": [
      {
        "text": "movie",
        "userDefined": false
      }
    ],
    "isTemplate": false,
    "count": 0,
    "updated": 0
  },
  {
    "id": "5df920c3-c50d-4c5a-85f5-ecb82801c9e8",
    "data": [
      {
        "text": "ok",
        "userDefined": false
      }
    ],
    "isTemplate": false,
    "count": 0,
    "updated": 0
  },
  {
    "id": "e952dace-f95a-4691-bc27-cb3022a43d71",
    "data": [
      {
        "text": "okay",
        "userDefined": false
      }
    ],
    "isTemplate": false,
    "count": 1,
    "updated": 0
  },
  {
    "id": "499205a8-2937-4528-9dc9-64e31234d4bf",
    "data": [
      {
        "text": "suggest me a movie",
        "userDefined": false
      }
    ],
    "isTemplate": false,
    "count": 0,
    "updated": 0
  },
  {
    "id": "e14b2484-4f88-4e97-8848-1cf14d13efe9",
    "data": [
      {
        "text": "yes",
        "userDefined": false
      }
    ],
    "isTemplate": false,
    "count": 0,
    "updated": 0
  }
]