[
  {
    "id": "bb845d4d-2f3f-4b2e-aafd-1a3a38795d4e",
    "data": [
      {
        "text": "okay see you later",
        "userDefined": false
      }
    ],
    "isTemplate": false,
    "count": 0,
    "updated": 0
  },
  {
    "id": "c533484d-5b1f-4fa1-866e-78bbfd764494",
    "data": [
      {
        "text": "hope",
        "meta": "@sys.ignore",
        "userDefined": true
      },
      {
        "text": " to see you later",
        "userDefined": false
      }
    ],
    "isTemplate": false,
    "count": 0,
    "updated": 0
  },
  {
    "id": "bf484dfb-0993-4e67-b857-e60d9e9fc126",
    "data": [
      {
        "text": "bye for now",
        "userDefined": false
      }
    ],
    "isTemplate": false,
    "count": 1,
    "updated": 0
  },
  {
    "id": "5d315ba4-a4d1-4984-9dd1-3476b2fedd37",
    "data": [
      {
        "text": "till next time",
        "userDefined": false
      }
    ],
    "isTemplate": false,
    "count": 0,
    "updated": 0
  },
  {
    "id": "deb10521-e056-499a-a6fd-b08c4d958bc5",
    "data": [
      {
        "text": "I ",
        "userDefined": false
      },
      {
        "text": "must",
        "meta": "@sys.ignore",
        "userDefined": true
      },
      {
        "text": " go",
        "userDefined": false
      }
    ],
    "isTemplate": false,
    "count": 0,
    "updated": 0
  },
  {
    "id": "2247a189-bbc1-4ae6-9bde-106186660a94",
    "data": [
      {
        "text": "bye",
        "userDefined": false
      }
    ],
    "isTemplate": false,
    "count": 0,
    "updated": 0
  },
  {
    "id": "6ea90ad2-e5a1-42d5-bfb1-42356983f1d7",
    "data": [
      {
        "text": "goodbye",
        "userDefined": false
      }
    ],
    "isTemplate": false,
    "count": 0,
    "updated": 0
  },
  {
    "id": "f2fe76a7-da04-4a1b-b4dd-a8670bc2ad86",
    "data": [
      {
        "text": "see you",
        "userDefined": false
      }
    ],
    "isTemplate": false,
    "count": 1,
    "updated": 0
  },
  {
    "id": "63900d4e-c180-492d-b838-46b35f4fc076",
    "data": [
      {
        "text": "see you soon",
        "userDefined": false
      }
    ],
    "isTemplate": false,
    "count": 0,
    "updated": 0
  },
  {
    "id": "c5d60712-aacb-4d2c-83b4-3b18ccc75d33",
    "data": [
      {
        "text": "bye-bye",
        "userDefined": false
      }
    ],
    "isTemplate": false,
    "count": 0,
    "updated": 0
  },
  {
    "id": "43beeff6-77b8-44d3-8c03-2849babe46e3",
    "data": [
      {
        "text": "bye bye ",
        "userDefined": false
      },
      {
        "text": "good",
        "meta": "@sys.ignore",
        "userDefined": true
      },
      {
        "text": " ",
        "userDefined": false
      },
      {
        "text": "night",
        "meta": "@sys.ignore",
        "userDefined": true
      }
    ],
    "isTemplate": false,
    "count": 0,
    "updated": 0
  },
  {
    "id": "fa030c7a-1263-4f6c-b119-5b5c01f34056",
    "data": [
      {
        "text": "good",
        "meta": "@sys.ignore",
        "userDefined": true
      },
      {
        "text": " bye",
        "userDefined": false
      }
    ],
    "isTemplate": false,
    "count": 0,
    "updated": 0
  },
  {
    "id": "d0cbd1f3-bcbe-46f9-8522-87275c70bafc",
    "data": [
      {
        "text": "bye bye see you",
        "userDefined": false
      }
    ],
    "isTemplate": false,
    "count": 0,
    "updated": 0
  },
  {
    "id": "a3f479c6-851d-4e86-b4e2-86d8384eb245",
    "data": [
      {
        "text": "bye bye see you soon",
        "userDefined": false
      }
    ],
    "isTemplate": false,
    "count": 0,
    "updated": 0
  },
  {
    "id": "afc8a6d6-9eed-44af-b78c-5e10a4347b01",
    "data": [
      {
        "text": "bye bye take care",
        "userDefined": false
      }
    ],
    "isTemplate": false,
    "count": 0,
    "updated": 0
  },
  {
    "id": "2f63967d-6aec-4d88-a221-efedd72b37a6",
    "data": [
      {
        "text": "I said bye",
        "userDefined": false
      }
    ],
    "isTemplate": false,
    "count": 0,
    "updated": 0
  },
  {
    "id": "2f3bfadd-1d04-4973-b5e9-1635aedfecb7",
    "data": [
      {
        "text": "never mind bye",
        "userDefined": false
      }
    ],
    "isTemplate": false,
    "count": 0,
    "updated": 0
  },
  {
    "id": "a6308857-f681-42f5-b917-32a33325cf2d",
    "data": [
      {
        "text": "now bye",
        "userDefined": false
      }
    ],
    "isTemplate": false,
    "count": 0,
    "updated": 0
  },
  {
    "id": "f13dcbfb-2047-465d-a4a9-ea5d2b093e69",
    "data": [
      {
        "text": "that\u0027s ",
        "userDefined": false
      },
      {
        "text": "all",
        "meta": "@sys.ignore",
        "userDefined": true
      },
      {
        "text": " goodbye",
        "userDefined": false
      }
    ],
    "isTemplate": false,
    "count": 0,
    "updated": 0
  },
  {
    "id": "50e31055-7a02-4c0e-8072-c4597c72f967",
    "data": [
      {
        "text": "that\u0027s ",
        "userDefined": false
      },
      {
        "text": "it",
        "meta": "@sys.ignore",
        "userDefined": true
      },
      {
        "text": " goodbye",
        "userDefined": false
      }
    ],
    "isTemplate": false,
    "count": 1,
    "updated": 0
  },
  {
    "id": "c05e723e-f4a2-4b68-b2b4-7724cdfaf2d5",
    "data": [
      {
        "text": "leave",
        "meta": "@sys.ignore",
        "userDefined": true
      },
      {
        "text": " me alone",
        "userDefined": false
      }
    ],
    "isTemplate": false,
    "count": 1,
    "updated": 0
  },
  {
    "id": "8f0e6bab-241b-49e5-94b3-917e6b67a747",
    "data": [
      {
        "text": "go to bed",
        "userDefined": false
      }
    ],
    "isTemplate": false,
    "count": 0,
    "updated": 0
  },
  {
    "id": "a60f7b8d-6ef7-4530-b20f-85f8c9c5428a",
    "data": [
      {
        "text": "goodbye for now",
        "userDefined": false
      }
    ],
    "isTemplate": false,
    "count": 1,
    "updated": 0
  },
  {
    "id": "13679e50-a402-483b-9f21-35c994a9ca1f",
    "data": [
      {
        "text": "talk to you later",
        "userDefined": false
      }
    ],
    "isTemplate": false,
    "count": 0,
    "updated": 0
  },
  {
    "id": "07667cfe-6bec-484b-8dbb-84197277ca01",
    "data": [
      {
        "text": "you can go now",
        "userDefined": false
      }
    ],
    "isTemplate": false,
    "count": 0,
    "updated": 0
  },
  {
    "id": "6e0f3e5e-98f5-479b-ac4a-5cae976d5fb5",
    "data": [
      {
        "text": "get",
        "meta": "@sys.ignore",
        "userDefined": true
      },
      {
        "text": " ",
        "userDefined": false
      },
      {
        "text": "lost",
        "meta": "@sys.ignore",
        "userDefined": true
      }
    ],
    "isTemplate": false,
    "count": 0,
    "updated": 0
  },
  {
    "id": "707a8d22-3ef0-4157-9c17-0abbd553d235",
    "data": [
      {
        "text": "goodbye see you later",
        "userDefined": false
      }
    ],
    "isTemplate": false,
    "count": 1,
    "updated": 0
  },
  {
    "id": "36423ccf-03ce-4ce5-be85-3d1d2d344a07",
    "data": [
      {
        "text": "alright bye",
        "userDefined": false
      }
    ],
    "isTemplate": false,
    "count": 0,
    "updated": 0
  },
  {
    "id": "7aa98026-b735-41bf-b24e-6202aea82c85",
    "data": [
      {
        "text": "see ya",
        "userDefined": false
      }
    ],
    "isTemplate": false,
    "count": 0,
    "updated": 0
  },
  {
    "id": "3d6aa12f-68ac-4363-8178-2c577efc6549",
    "data": [
      {
        "text": "thanks bye bye",
        "userDefined": false
      }
    ],
    "isTemplate": false,
    "count": 0,
    "updated": 0
  },
  {
    "id": "438ece0e-a263-418a-94ce-4dbc9b2c0c06",
    "data": [
      {
        "text": "okay bye",
        "userDefined": false
      }
    ],
    "isTemplate": false,
    "count": 0,
    "updated": 0
  },
  {
    "id": "64028f62-eeff-4353-b746-6f98e85a4a3a",
    "data": [
      {
        "text": "okay",
        "meta": "@sys.ignore",
        "userDefined": true
      },
      {
        "text": " ",
        "userDefined": false
      },
      {
        "text": "thank you",
        "meta": "@sys.ignore",
        "userDefined": true
      },
      {
        "text": " bye",
        "userDefined": false
      }
    ],
    "isTemplate": false,
    "count": 1,
    "updated": 0
  },
  {
    "id": "9bce3994-70fe-4140-b632-ae997b37d8fc",
    "data": [
      {
        "text": "see you tomorrow",
        "userDefined": false
      }
    ],
    "isTemplate": false,
    "count": 0,
    "updated": 0
  },
  {
    "id": "30c6e881-c5c6-47e8-ab9d-a5c6fe57b455",
    "data": [
      {
        "text": "ok bye",
        "userDefined": false
      }
    ],
    "isTemplate": false,
    "count": 0,
    "updated": 0
  }
]