[
  {
    "id": "b33877c0-85d7-450f-b6e7-85b94c80d564",
    "data": [
      {
        "text": "that\u0027s my pleasure",
        "userDefined": false
      }
    ],
    "isTemplate": false,
    "count": 0,
    "updated": 0
  },
  {
    "id": "b2ea2f82-7c9e-4368-b6de-37a79827b29c",
    "data": [
      {
        "text": "my pleasure",
        "userDefined": false
      }
    ],
    "isTemplate": false,
    "count": 0,
    "updated": 0
  },
  {
    "id": "383a5a17-3a56-458e-8a91-7e7a0c77fea8",
    "data": [
      {
        "text": "anytime",
        "userDefined": false
      }
    ],
    "isTemplate": false,
    "count": 0,
    "updated": 0
  },
  {
    "id": "ecd6461e-9a26-4c3e-b1e6-68dda4b635b1",
    "data": [
      {
        "text": "welcome",
        "meta": "@sys.ignore",
        "userDefined": false
      }
    ],
    "isTemplate": false,
    "count": 0,
    "updated": 0
  },
  {
    "id": "d0bf6559-bf81-42d1-ba9a-f8e98cc869a3",
    "data": [
      {
        "text": "you\u0027re ",
        "userDefined": false
      },
      {
        "text": "welcome",
        "meta": "@sys.ignore",
        "userDefined": false
      }
    ],
    "isTemplate": false,
    "count": 0,
    "updated": 0
  },
  {
    "id": "1f1e72e9-d0d4-4687-8891-113f0e1d47fa",
    "data": [
      {
        "text": "sure",
        "meta": "@sys.ignore",
        "userDefined": false
      },
      {
        "text": " ",
        "userDefined": false
      },
      {
        "text": "welcome",
        "meta": "@sys.ignore",
        "userDefined": false
      }
    ],
    "isTemplate": false,
    "count": 0,
    "updated": 0
  },
  {
    "id": "a22023b7-9db0-428a-a02f-3d40439fcf3b",
    "data": [
      {
        "text": "welcome",
        "meta": "@sys.ignore",
        "userDefined": false
      },
      {
        "text": " ",
        "userDefined": false
      },
      {
        "text": "here",
        "meta": "@sys.ignore",
        "userDefined": false
      }
    ],
    "isTemplate": false,
    "count": 0,
    "updated": 0
  },
  {
    "id": "0a640363-63ea-4118-8356-8e8ccea71295",
    "data": [
      {
        "text": "you\u0027re so ",
        "userDefined": false
      },
      {
        "text": "welcome",
        "meta": "@sys.ignore",
        "userDefined": false
      }
    ],
    "isTemplate": false,
    "count": 0,
    "updated": 0
  },
  {
    "id": "22fe2410-e3df-4fab-9a10-c0f838a08880",
    "data": [
      {
        "text": "anything you want",
        "userDefined": false
      }
    ],
    "isTemplate": false,
    "count": 0,
    "updated": 0
  }
]