[
  {
    "id": "0eb9b97c-7267-41da-8490-bb3c3cd0a649",
    "data": [
      {
        "text": "no worries",
        "userDefined": false
      }
    ],
    "isTemplate": false,
    "count": 0,
    "updated": 0
  },
  {
    "id": "738140de-1403-4050-abd6-7de8856f1ac6",
    "data": [
      {
        "text": "no probs",
        "userDefined": false
      }
    ],
    "isTemplate": false,
    "count": 0,
    "updated": 0
  },
  {
    "id": "9c51c916-9810-46e5-a257-0470a0bf5f46",
    "data": [
      {
        "text": "no problem",
        "userDefined": false
      }
    ],
    "isTemplate": false,
    "count": 0,
    "updated": 0
  },
  {
    "id": "5fa6929e-b201-4441-a570-dcfd382e2a8a",
    "data": [
      {
        "text": "there\u0027s no problem",
        "userDefined": false
      }
    ],
    "isTemplate": false,
    "count": 0,
    "updated": 0
  },
  {
    "id": "66f6453c-321b-461b-be6c-f25953a14c3e",
    "data": [
      {
        "text": "sure",
        "meta": "@sys.ignore",
        "userDefined": false
      },
      {
        "text": " no problem",
        "userDefined": false
      }
    ],
    "isTemplate": false,
    "count": 0,
    "updated": 0
  },
  {
    "id": "685a5ae1-d10c-474e-b550-5030ef6451e6",
    "data": [
      {
        "text": "no problem about that",
        "userDefined": false
      }
    ],
    "isTemplate": false,
    "count": 0,
    "updated": 0
  },
  {
    "id": "fe3bfbae-d648-4370-825b-7b5ea077c0d2",
    "data": [
      {
        "text": "don",
        "meta": "@sys.ignore",
        "userDefined": false
      },
      {
        "text": "\u0027t worry",
        "userDefined": false
      }
    ],
    "isTemplate": false,
    "count": 0,
    "updated": 0
  },
  {
    "id": "5a55987a-6b09-428d-a3a6-6c1d92e1292d",
    "data": [
      {
        "text": "don\u0027t",
        "meta": "@sys.ignore",
        "userDefined": false
      },
      {
        "text": " worry there\u0027s no problem",
        "userDefined": false
      }
    ],
    "isTemplate": false,
    "count": 0,
    "updated": 0
  }
]