[
  {
    "id": "2be96a12-944d-4364-afb1-4cd4c0a64584",
    "data": [
      {
        "text": "wait a second",
        "userDefined": false
      }
    ],
    "isTemplate": false,
    "count": 0,
    "updated": 0
  },
  {
    "id": "7538973d-22fe-40a9-8298-964cf7100fe2",
    "data": [
      {
        "text": "could you wait",
        "userDefined": false
      }
    ],
    "isTemplate": false,
    "count": 0,
    "updated": 0
  },
  {
    "id": "0e0f0c81-de89-4aef-8902-76c04034c316",
    "data": [
      {
        "text": "wait please",
        "userDefined": false
      }
    ],
    "isTemplate": false,
    "count": 0,
    "updated": 0
  },
  {
    "id": "7cf3d1ce-ad4e-4c63-b750-59dadb76ae62",
    "data": [
      {
        "text": "hold ",
        "userDefined": false
      },
      {
        "text": "on",
        "meta": "@sys.ignore",
        "userDefined": false
      }
    ],
    "isTemplate": false,
    "count": 0,
    "updated": 0
  },
  {
    "id": "7a3d6fef-abc8-4376-9be5-616424c258d4",
    "data": [
      {
        "text": "wait",
        "userDefined": false
      }
    ],
    "isTemplate": false,
    "count": 0,
    "updated": 0
  },
  {
    "id": "87bd952d-e8c6-493e-8729-888ba65db56d",
    "data": [
      {
        "text": "oh wait",
        "userDefined": false
      }
    ],
    "isTemplate": false,
    "count": 0,
    "updated": 0
  },
  {
    "id": "3c4a5de6-a453-463a-ad63-80355edbecca",
    "data": [
      {
        "text": "wait hold ",
        "userDefined": false
      },
      {
        "text": "on",
        "meta": "@sys.ignore",
        "userDefined": false
      }
    ],
    "isTemplate": false,
    "count": 0,
    "updated": 0
  },
  {
    "id": "fe55b90f-4c02-461d-8cf0-7fb76525c268",
    "data": [
      {
        "text": "don",
        "meta": "@sys.ignore",
        "userDefined": false
      },
      {
        "text": "\u0027t ",
        "userDefined": false
      },
      {
        "text": "rush",
        "meta": "@sys.ignore",
        "userDefined": false
      }
    ],
    "isTemplate": false,
    "count": 0,
    "updated": 0
  }
]