[
  {
    "id": "94639332-7552-48a5-a39a-85ecef98f3ff",
    "data": [
      {
        "text": "latest movies",
        "userDefined": false
      }
    ],
    "isTemplate": false,
    "count": 0,
    "updated": 0
  },
  {
    "id": "92884288-25c8-4bbe-8568-5ea259efad1a",
    "data": [
      {
        "text": "currently playing",
        "userDefined": false
      }
    ],
    "isTemplate": false,
    "count": 0,
    "updated": 0
  },
  {
    "id": "c7a32e0e-1ed0-43df-9902-ebb526cb49dc",
    "data": [
      {
        "text": "cinemas",
        "userDefined": false
      }
    ],
    "isTemplate": false,
    "count": 0,
    "updated": 0
  },
  {
    "id": "5805c40f-1b0a-4e85-8d1c-58d73973b32d",
    "data": [
      {
        "text": "in cinemas",
        "userDefined": false
      }
    ],
    "isTemplate": false,
    "count": 0,
    "updated": 0
  },
  {
    "id": "61822d70-58c6-4f7b-8b19-b29c666fc32f",
    "data": [
      {
        "text": "new movies in cinema",
        "userDefined": false
      }
    ],
    "isTemplate": false,
    "count": 0,
    "updated": 0
  },
  {
    "id": "f8bf620b-b484-43e9-8b96-6c467bae7215",
    "data": [
      {
        "text": "new movies",
        "userDefined": false
      }
    ],
    "isTemplate": false,
    "count": 0,
    "updated": 0
  },
  {
    "id": "7c84f577-acc0-4f0e-925f-f0e2da865ff7",
    "data": [
      {
        "text": "now playing",
        "userDefined": false
      }
    ],
    "isTemplate": false,
    "count": 0,
    "updated": 0
  },
  {
    "id": "3eeb3c3b-5ea8-4026-9f4e-91d165d31f41",
    "data": [
      {
        "text": "theatres",
        "userDefined": false
      }
    ],
    "isTemplate": false,
    "count": 0,
    "updated": 0
  },
  {
    "id": "0e541c7a-f35d-42e9-a354-5ddfae3e2fe9",
    "data": [
      {
        "text": "upcoming",
        "userDefined": false
      }
    ],
    "isTemplate": false,
    "count": 0,
    "updated": 0
  },
  {
    "id": "eba5a9cc-63eb-461a-b4c5-aa82bd1ed658",
    "data": [
      {
        "text": "what\u0027s in theatres?",
        "userDefined": false
      }
    ],
    "isTemplate": false,
    "count": 0,
    "updated": 0
  },
  {
    "id": "fd9a1dd4-2900-4f82-bdb6-61cef3d61d6b",
    "data": [
      {
        "text": "what\u0027s playing?",
        "userDefined": false
      }
    ],
    "isTemplate": false,
    "count": 0,
    "updated": 0
  }
]