[
  {
    "id": "a3f2140e-ab40-45f3-87c0-57971f82e154",
    "data": [
      {
        "text": "bad time for talking",
        "userDefined": false
      }
    ],
    "isTemplate": false,
    "count": 0,
    "updated": 0
  },
  {
    "id": "cabfcb6e-b0b6-401a-98d1-520844f5c2b1",
    "data": [
      {
        "text": "I ",
        "userDefined": false
      },
      {
        "text": "don",
        "meta": "@sys.ignore",
        "userDefined": false
      },
      {
        "text": "\u0027t want to talk",
        "userDefined": false
      }
    ],
    "isTemplate": false,
    "count": 0,
    "updated": 0
  },
  {
    "id": "20a8b3ee-8a3b-42cd-abf4-8ef92eba432a",
    "data": [
      {
        "text": "let\u0027s not talk",
        "userDefined": false
      }
    ],
    "isTemplate": false,
    "count": 0,
    "updated": 0
  },
  {
    "id": "f3feaee0-c47e-4f8f-ab42-9792c3cefd7c",
    "data": [
      {
        "text": "I\u0027m not talking to you anymore",
        "userDefined": false
      }
    ],
    "isTemplate": false,
    "count": 0,
    "updated": 0
  },
  {
    "id": "bf61a415-44c9-4afe-b2b3-d943b0092bb1",
    "data": [
      {
        "text": "I ",
        "userDefined": false
      },
      {
        "text": "don\u0027t",
        "meta": "@sys.ignore",
        "userDefined": false
      },
      {
        "text": " want to talk to you",
        "userDefined": false
      }
    ],
    "isTemplate": false,
    "count": 0,
    "updated": 0
  },
  {
    "id": "1fab1eba-e47d-4fb3-964d-d77397e77cbd",
    "data": [
      {
        "text": "let\u0027s stop talking for a minute",
        "userDefined": false
      }
    ],
    "isTemplate": false,
    "count": 0,
    "updated": 0
  },
  {
    "id": "6d00f496-c26e-4319-9ab8-34407f535e50",
    "data": [
      {
        "text": "I\u0027m not in the mood for chatting",
        "userDefined": false
      }
    ],
    "isTemplate": false,
    "count": 0,
    "updated": 0
  }
]